{
  "project_info": {
    "project_number": "11729547482",
    "project_id": "funnoon-85cb6",
    "storage_bucket": "funnoon-85cb6.appspot.com"
  },
  "client": [
    {
      "client_info": {
        "mobilesdk_app_id": "1:11729547482:android:fa14a39df6716b570235e3",
        "android_client_info": {
          "package_name": "com.example.funoon"
        }
      },
      "oauth_client": [
        {
          "client_id": "11729547482-7oino9ikdhfl3652o52ponolu84h6jjv.apps.googleusercontent.com",
          "client_type": 3
        }
      ],
      "api_key": [
        {
          "current_key": "AIzaSyD9BCWYZAM6bscnlj8DDMIPgec_A_REPIs"
        }
      ],
      "services": {
        "appinvite_service": {
          "other_platform_oauth_client": [
            {
              "client_id": "11729547482-7oino9ikdhfl3652o52ponolu84h6jjv.apps.googleusercontent.com",
              "client_type": 3
            }
          ]
        }
      }
    }
  ],
  "configuration_version": "1"
}